from_stop_id,to_stop_id,metres
2782,3722,282
2784,2785,213
2785,4000,335
2787,2788,11
2787,3375,252
2787,3376,206
2788,3375,248
2788,3376,201
2789,2853,378
2790,2793,22
2791,2797,37
2791,2976,349
2791,3150,352
2791,3156,379
2791,3265,195
2791,3923,152
2792,2794,70
2792,2795,367
2792,2796,365
2792,3093,280
2792,3094,271
2794,2795,355
2794,2796,346
2794,3093,287
2794,3094,279
2795,2796,29
2795,3624,292
2795,3625,367
2796,3624,291
2796,3625,366
2797,2976,345
2797,3150,348
2797,3156,375
2797,3265,191
2797,3923,149
2798,3253,53
2798,3832,247
2798,3839,234
2799,2807,87
2802,3730,391
2804,2805,109
2808,2809,200
2808,2813,222
2809,2813,390
2809,5533,353
2810,2812,189
2810,2843,389
2810,5533,343
2813,2814,251
2815,2816,304
2815,2817,286
2815,2821,330
2815,2822,326
2815,2823,41
2815,3662,359
2815,3663,380
2816,2817,67
2816,2818,257
2816,2819,282
2816,2823,304
2816,3664,368
2816,3665,288
2816,3666,351
2817,2818,314
2817,2819,339
2817,2823,286
2817,3664,368
2817,3665,288
2818,2819,43
2818,3661,364
2818,3666,104
2818,3749,171
2819,3661,388
2819,3666,113
2819,3749,166
2820,2821,337
2820,2822,319
2820,2854,159
2820,3371,271
2820,3373,237
2820,3374,392
2820,3764,366
2820,3823,358
2820,4124,77
2821,2822,51
2821,2823,316
2821,2867,311
2821,2874,337
2821,4124,382
2822,2823,328
2822,2867,301
2822,2874,327
2822,4124,375
2823,3662,337
2823,3663,357
2824,3110,352
2824,3343,311
2824,3344,359
2824,3461,263
2824,3486,209
2824,3744,283
2824,5415,271
2824,5507,268
2824,5508,297
2824,5510,357
2824,5513,338
2824,5526,347
2824,5528,183
2835,2845,20
2835,3261,228
2835,3262,263
2835,3976,264
2835,3977,310
2836,2846,17
2838,2848,52
2839,2841,184
2839,3257,247
2839,3260,289
2840,2936,311
2840,3350,268
2840,3731,204
2840,4014,331
2841,3135,375
2841,3137,356
2841,3257,362
2843,3096,168
2843,3100,176
2843,3915,154
2845,3261,223
2845,3262,258
2845,3976,277
2845,3977,324
2849,4051,242
2849,5529,186
2851,2853,111
2851,2877,360
2852,2875,93
2852,3814,383
2854,2867,378
2854,2874,374
2854,3371,289
2854,3373,242
2854,3764,255
2854,3823,246
2854,4124,126
2855,2857,378
2855,2859,180
2856,2880,320
2856,3042,341
2857,2858,64
2857,3042,365
2857,3641,349
2857,3642,362
2858,3042,384
2858,3641,367
2858,3642,380
2859,2860,355
2859,3641,307
2859,3642,321
2859,3967,340
2859,3968,338
2860,2861,90
2860,3967,363
2860,3968,361
2861,2863,393
2862,2863,107
2862,2864,243
2863,2864,318
2864,2865,386
2864,2866,375
2864,3574,341
2864,3576,385
2865,2866,40
2865,3574,182
2865,3576,218
2866,3574,171
2866,3576,207
2867,2874,44
2867,3078,371
2867,3079,334
2867,5552,350
2868,2869,139
2868,2870,355
2868,2871,325
2870,2871,45
2870,3871,260
2870,3872,331
2871,3871,297
2871,3872,355
2872,2876,27
2872,3313,397
2872,3813,210
2872,4063,135
2872,4064,371
2872,4065,392
2872,4066,192
2873,2878,70
2874,3079,373
2874,4124,399
2874,5552,388
2876,3813,206
2876,4063,156
2876,4064,392
2876,4066,213
2877,2879,94
2879,3814,345
2880,3044,234
2880,3046,246
2880,3079,377
2880,3729,220
2880,5552,306
2881,2883,321
2881,2884,350
2881,2888,257
2881,2889,344
2881,2890,94
2882,2883,216
2882,2884,179
2882,2885,94
2883,2884,55
2883,2885,265
2883,2890,238
2884,2885,229
2884,2890,267
2886,2887,94
2886,3068,280
2886,3441,354
2886,3655,330
2886,3754,246
2886,3888,341
2886,3889,371
2886,4806,266
2887,3068,363
2887,3441,357
2887,3754,334
2887,3888,259
2887,3889,289
2887,4806,349
2888,2889,98
2888,2890,343
2888,3888,254
2888,3889,237
2889,3888,168
2889,3889,152
2894,3424,387
2894,3844,216
2894,4134,302
2895,2903,54
2895,3659,363
2895,3844,360
2895,3845,373
2895,4134,272
2897,3037,356
2897,3785,371
2897,3788,393
2898,3794,255
2898,3844,235
2898,4134,243
2899,3785,319
2899,3786,384
2903,3659,398
2903,3844,335
2903,4134,247
2905,2906,32
2905,2907,290
2905,3661,398
2905,3667,88
2905,3669,135
2905,3750,308
2906,2907,271
2906,3667,110
2906,3669,157
2906,3750,289
2907,3290,160
2907,3614,369
2907,3667,373
2907,3750,41
2907,3755,204
2907,3756,287
2907,3759,258
2907,3902,368
2908,2909,146
2908,3297,397
2908,3299,191
2908,3328,346
2908,3494,380
2908,3922,394
2908,4058,299
2908,4148,268
2908,4149,260
2908,4856,395
2909,2916,395
2909,2919,391
2909,3299,305
2909,3323,294
2909,3328,224
2909,3331,314
2909,3332,313
2909,3493,358
2909,3494,285
2909,3921,350
2909,3922,309
2909,4058,187
2909,4148,372
2909,4149,390
2909,4830,324
2909,4856,304
2910,2911,93
2910,2912,333
2910,3709,386
2910,4057,262
2910,4133,230
2910,4147,345
2910,4148,242
2910,4149,234
2911,2912,384
2911,4057,295
2911,4133,264
2911,4147,378
2911,4148,205
2911,4149,234
2912,2914,194
2912,3709,374
2912,4057,268
2912,4099,348
2912,4133,219
2912,4147,246
2913,2914,351
2913,2915,134
2913,3410,385
2913,3653,312
2913,3654,318
2913,3711,324
2913,4099,164
2914,2915,301
2914,3488,382
2914,3711,296
2914,4099,206
2914,4133,354
2914,4147,381
2915,3653,368
2915,3654,375
2915,3711,334
2915,4099,224
2916,2919,33
2916,2924,172
2916,2933,314
2916,3063,395
2916,3323,180
2916,3328,195
2916,3331,103
2916,3332,136
2916,3333,344
2916,3334,388
2916,3355,326
2916,3493,216
2916,3494,208
2916,3790,393
2916,3827,188
2916,4058,231
2916,4830,145
2916,4856,244
2916,5560,77
2917,2922,106
2917,2923,324
2917,2932,304
2917,4051,231
2917,4083,200
2917,4084,390
2917,4085,392
2917,5529,309
2918,2921,329
2918,2923,333
2918,2932,312
2918,3130,20
2918,3388,229
2918,3389,297
2918,4960,268
2918,4961,287
2919,2924,190
2919,2933,332
2919,3063,395
2919,3112,390
2919,3323,162
2919,3328,191
2919,3331,99
2919,3332,118
2919,3333,340
2919,3334,384
2919,3355,327
2919,3493,209
2919,3494,191
2919,3790,393
2919,3827,188
2919,4058,227
2919,4830,140
2919,4856,226
2919,5560,95
2921,2926,276
2921,3081,134
2921,3085,195
2921,3130,337
2921,3388,195
2921,3389,263
2922,2923,316
2922,2932,296
2922,4051,218
2922,4083,205
2922,5529,279
2923,2932,71
2923,3130,324
2923,4051,264
2923,5529,341
2924,2933,152
2924,3092,385
2924,3323,337
2924,3328,325
2924,3331,260
2924,3332,293
2924,3333,267
2924,3334,310
2924,3493,373
2924,3494,365
2924,3827,344
2924,4058,388
2924,4084,256
2924,4085,258
2924,4830,210
2924,5560,195
2925,2926,304
2925,2928,59
2925,2929,343
2926,2928,351
2926,3081,163
2926,3085,201
2926,5447,349
2926,5448,282
2927,2928,382
2927,2929,103
2928,2929,317
2930,3089,221
2930,3382,184
2930,3383,187
2930,3511,264
2930,3518,276
2931,3034,155
2931,5451,287
2932,3130,320
2932,4051,267
2932,4960,399
2932,5529,345
2933,3333,315
2933,3334,357
2933,4084,142
2933,4085,145
2933,4830,351
2933,5560,337
2934,2935,82
2934,3131,164
2934,3731,373
2935,3131,94
2935,3731,303
2936,3131,396
2936,3350,80
2936,3731,184
2936,3912,375
2936,5384,294
2937,2938,59
2937,3005,266
2937,3009,330
2937,3315,356
2937,3316,312
2937,3531,370
2937,3534,388
2938,3005,229
2938,3009,293
2938,3315,358
2938,3316,313
2938,3531,372
2938,3534,389
2939,2940,275
2939,2941,312
2940,2941,150
2940,3005,348
2941,3005,289
2941,3009,344
2942,2946,306
2942,2947,326
2942,2948,72
2942,2950,260
2943,2944,20
2943,2951,338
2943,2952,302
2943,3757,313
2944,2945,393
2944,2951,348
2944,2952,311
2944,3757,304
2945,2946,184
2945,2947,164
2945,3757,115
2946,2947,33
2946,2948,324
2946,3757,290
2947,2948,344
2947,3757,270
2948,2949,368
2948,2950,209
2949,2950,399
2949,5001,318
2950,5001,333
2951,2952,78
2951,3290,378
2951,3756,174
2951,3759,233
2951,3898,225
2951,3902,165
2952,3756,240
2952,3759,299
2952,3898,291
2952,3902,231
2954,2965,297
2954,2966,83
2954,2967,328
2955,2957,152
2955,2965,316
2955,2967,284
2956,2958,244
2956,2960,37
2956,2961,321
2957,2965,386
2957,2967,371
2958,2959,297
2958,2960,247
2958,2961,84
2958,2963,293
2959,2961,316
2959,2963,22
2959,2964,389
2960,2961,323
2961,2963,312
2962,2964,169
2962,5001,236
2963,2964,385
2964,5001,355
2965,2966,249
2965,2967,40
2965,2992,267
2965,3293,261
2966,2967,280
2967,2992,298
2967,3293,292
2968,2969,252
2968,2971,294
2968,2972,149
2968,3607,322
2968,3608,253
2969,2971,193
2969,2972,264
2969,3653,392
2969,3654,398
2969,5401,357
2970,2975,46
2970,2997,346
2970,3000,200
2970,3477,202
2970,3920,336
2970,5557,334
2971,2972,296
2971,3653,376
2971,3654,382
2971,3956,304
2971,5401,174
2972,3607,307
2972,3608,238
2973,2974,55
2975,2997,380
2975,3000,220
2975,3477,222
2975,3920,379
2975,5557,377
2976,2981,277
2976,3265,190
2976,3923,291
2977,2978,338
2977,2983,365
2977,2984,267
2978,2982,251
2978,2983,37
2978,3538,147
2978,3539,145
2978,4845,358
2978,4846,326
2979,2980,332
2979,3218,194
2979,3220,321
2979,3221,356
2979,3225,196
2980,2982,307
2980,3218,371
2980,3225,373
2980,3366,371
2980,3418,339
2982,2983,278
2982,3221,372
2982,3418,384
2982,3538,268
2982,3539,267
2982,4845,259
2982,4846,217
2983,2984,383
2983,3538,173
2983,3539,172
2983,4845,385
2983,4846,353
2985,2986,325
2985,2987,378
2985,3219,185
2985,3222,201
2985,3223,391
2985,3358,326
2985,3359,218
2985,3360,246
2985,3451,273
2985,3454,237
2985,3495,124
2985,3496,155
2985,3758,118
2985,3798,193
2985,3880,321
2985,3882,190
2985,3935,206
2985,4864,43
2985,5514,179
2985,5522,355
2986,2987,58
2986,3022,382
2986,3218,384
2986,3219,318
2986,3222,333
2986,3223,83
2986,3224,111
2986,3225,386
2986,4166,314
2986,4864,331
2987,3022,397
2987,3218,399
2987,3219,370
2987,3222,386
2987,3223,98
2987,3224,126
2987,4166,329
2987,4864,383
2987,5514,370
2989,2990,194
2991,2996,157
2992,3293,50
2997,2999,242
2997,3478,151
2997,3479,219
2997,3919,246
2997,3920,75
2997,5413,236
2997,5414,237
2997,5557,50
2998,3474,65
2999,3478,98
2999,3479,44
2999,3791,391
2999,3792,374
2999,3919,40
2999,3920,254
2999,5413,112
2999,5414,113
2999,5557,249
3000,3477,16
3000,3480,349
3001,3002,203
3001,3480,81
3002,3480,273
3002,3481,227
3002,3982,274
3003,3004,47
3003,3008,385
3003,3010,290
3003,3422,334
3003,3804,320
3003,3997,344
3004,3008,346
3004,3010,252
3004,3422,370
3004,3804,308
3004,3997,379
3005,3009,99
3005,4033,367
3005,4034,337
3006,3007,17
3006,3008,391
3006,3808,219
3006,4033,206
3006,4034,242
3006,4152,256
3006,4154,267
3007,3808,231
3007,4033,218
3007,4034,253
3007,4152,269
3007,4154,280
3008,3010,119
3008,3806,214
3008,3808,257
3008,4152,156
3008,4154,182
3009,4033,277
3009,4034,254
3010,3806,299
3010,3808,367
3010,4152,266
3010,4154,292
3011,3012,23
3011,3377,351
3011,3942,383
3011,3943,190
3011,3944,224
3011,3945,390
3012,3377,371
3012,3630,397
3012,3942,370
3012,3943,177
3012,3944,211
3012,3945,377
3013,3104,235
3013,3354,388
3013,3939,242
3013,3940,62
3013,3941,354
3013,3946,346
3014,3015,307
3014,3016,82
3014,3020,325
3015,3016,307
3015,3018,384
3015,3020,83
3015,3021,371
3016,3020,324
3017,3018,305
3017,3019,41
3017,3021,292
3018,3019,318
3018,3021,47
3019,3021,305
3019,3597,376
3020,3021,388
3022,3223,335
3022,3224,297
3022,3294,325
3022,3598,385
3022,3936,50
3022,3938,332
3022,4166,205
3024,3025,67
3024,3040,341
3024,3041,332
3024,3058,215
3024,3059,397
3024,3061,125
3024,3507,251
3024,3508,271
3024,4067,240
3025,3040,377
3025,3041,367
3025,3058,158
3025,3059,340
3025,3061,68
3025,3062,395
3025,3507,286
3025,3508,306
3025,4067,275
3026,3028,359
3026,3063,350
3026,3353,201
3026,3354,348
3026,3449,220
3026,3787,376
3026,3789,340
3026,3790,349
3026,3876,328
3026,3877,257
3026,3878,226
3026,3928,218
3026,3951,230
3026,5446,339
3027,3028,382
3027,3219,370
3027,3222,386
3027,3351,346
3027,3359,330
3027,3360,259
3027,3361,322
3027,3758,357
3027,3880,183
3027,3882,324
3027,3935,301
3028,3351,359
3028,3361,334
3028,3767,351
3028,3876,265
3028,3878,279
3028,3879,155
3028,3928,399
3029,3717,202
3029,3777,70
3029,3778,213
3029,4030,314
3029,4031,269
3032,3178,66
3032,3179,211
3032,3181,392
3032,3182,260
3032,3736,265
3032,4159,363
3033,3180,238
3033,3183,345
3033,3510,60
3033,4861,302
3033,4862,148
3033,4863,130
3033,5425,200
3033,5426,152
3034,5451,167
3035,3148,369
3035,3149,354
3035,3151,102
3035,3152,349
3035,3153,386
3035,3639,312
3035,3640,301
3035,3734,202
3035,3735,233
3035,3773,58
3037,3441,203
3037,3442,143
3037,3541,219
3037,3649,176
3037,3651,373
3037,3747,229
3037,3788,49
3037,4807,374
3038,3039,25
3038,5442,285
3038,5443,279
3038,5579,195
3039,5442,292
3039,5443,286
3039,5579,202
3040,3041,108
3040,3405,299
3040,3406,315
3040,3507,385
3040,4067,355
3040,5579,279
3040,5580,394
3041,3405,290
3041,3406,305
3041,3507,376
3041,3508,395
3041,4067,345
3041,5579,270
3041,5580,385
3042,3044,351
3042,3046,341
3042,3047,119
3042,4113,202
3042,4114,212
3043,3045,53
3043,3641,298
3043,3642,284
3043,4113,215
3043,4114,205
3043,4115,240
3044,3046,57
3044,3047,333
3044,3078,398
3044,3079,341
3044,3729,183
3044,5552,269
3045,3641,281
3045,3642,267
3045,4113,217
3045,4114,207
3045,4115,223
3046,3047,319
3046,3079,347
3046,3729,195
3046,5552,275
3047,4113,225
3047,4114,235
3057,3497,175
3057,3700,335
3057,5499,175
3057,5512,279
3058,3059,190
3058,3061,98
3058,3062,244
3059,3061,280
3059,3062,68
3059,4030,242
3059,4031,293
3061,3062,335
3061,3507,343
3061,3508,363
3061,4067,332
3062,4030,190
3062,4031,241
3063,3112,380
3063,3323,360
3063,3332,336
3063,3355,333
3063,3449,142
3063,3493,253
3063,3494,319
3063,3787,360
3063,3789,335
3063,3790,32
3063,3827,317
3063,3877,299
3063,3951,295
3063,4856,301
3063,5446,295
3063,5560,381
3064,3065,65
3064,3066,369
3064,3067,395
3064,3444,340
3064,3448,377
3064,3657,395
3064,3660,393
3064,3766,268
3064,3916,212
3064,4150,334
3064,4151,339
3065,3066,319
3065,3067,356
3065,3444,278
3065,3448,315
3065,3657,333
3065,3660,331
3065,3765,390
3065,3766,236
3065,3846,350
3065,3847,342
3065,3916,150
3065,4150,378
3065,4151,369
3066,3067,157
3066,3379,251
3066,3444,386
3066,3767,335
3066,3787,308
3066,3789,351
3066,4056,339
3067,3379,293
3067,3767,294
3067,3787,282
3067,3789,325
3067,4056,314
3067,5446,380
3068,3441,283
3068,3442,346
3068,3649,340
3068,3651,307
3068,3655,215
3068,3656,348
3068,3754,143
3068,4806,51
3068,4807,236
3069,3070,33
3069,3575,369
3069,3579,346
3069,3582,380
3069,3854,332
3069,4050,238
3070,3566,379
3070,3575,389
3070,3579,365
3070,3582,358
3070,3854,352
3070,4050,258
3073,3074,255
3073,3078,218
3073,3079,268
3073,4005,316
3073,4006,97
3073,5552,339
3074,3077,291
3074,4006,349
3077,3473,332
3078,3079,70
3078,3729,233
3078,4006,297
3078,5552,141
3079,3729,176
3079,4006,348
3079,5552,83
3081,3085,71
3081,3388,325
3081,3389,393
3081,5447,340
3081,5448,397
3082,3083,321
3082,3084,14
3082,3087,308
3082,3397,339
3082,3399,292
3082,3420,263
3083,3084,327
3083,3086,221
3083,3087,74
3083,3088,193
3084,3087,314
3084,3397,345
3084,3399,298
3084,3420,269
3085,3388,386
3085,5447,378
3086,3087,228
3086,3088,64
3087,3088,200
3089,3382,239
3089,3383,242
3089,3511,319
3089,3518,331
3089,5451,257
3092,4084,369
3092,4085,372
3093,3094,114
3093,3762,378
3093,3996,295
3094,3762,374
3094,3996,284
3096,3100,19
3096,3165,356
3096,3168,343
3096,3915,71
3100,3165,364
3100,3168,351
3100,3915,79
3101,3102,117
3103,3118,360
3103,3302,213
3103,3304,106
3103,3306,330
3103,3467,300
3103,3471,337
3104,3294,365
3104,3598,272
3104,3937,317
3104,3938,372
3104,3939,14
3104,3940,273
3104,3991,253
3105,3106,123
3105,3205,282
3105,3206,261
3105,3207,337
3105,3221,398
3105,3505,300
3105,3506,252
3105,3591,261
3105,4845,385
3105,4846,373
3106,3205,301
3106,3206,281
3106,3207,356
3106,3221,388
3106,3505,319
3106,3506,271
3106,3591,280
3106,4845,271
3106,4846,258
3110,3343,213
3110,3344,230
3110,3461,181
3110,3690,209
3110,3695,294
3110,3866,392
3110,3885,103
3110,5415,174
3110,5507,87
3110,5508,231
3110,5513,287
3110,5528,231
3111,3112,34
3111,3323,324
3111,3331,399
3111,3332,315
3111,3493,246
3111,3494,280
3111,3498,284
3111,3499,339
3111,3500,284
3111,3827,365
3111,4049,369
3111,4058,346
3111,4856,243
3111,5540,275
3112,3323,298
3112,3328,385
3112,3331,373
3112,3332,290
3112,3493,220
3112,3494,255
3112,3498,258
3112,3499,313
3112,3500,258
3112,3790,378
3112,3827,339
3112,4049,343
3112,4058,320
3112,4856,218
3112,5540,249
3112,5560,398
3113,3114,69
3113,3498,358
3113,3499,256
3113,3500,319
3113,3848,339
3113,4049,313
3113,5540,332
3114,3499,299
3114,3500,363
3114,3848,342
3114,4049,346
3114,5540,375
3115,3239,327
3115,3240,43
3115,3241,334
3116,3117,199
3116,3119,396
3116,3629,181
3116,3630,206
3116,3800,17
3116,3803,253
3117,3118,318
3117,3119,212
3117,3629,358
3117,3630,382
3117,3800,193
3117,3803,68
3118,3119,125
3118,3304,280
3118,3467,332
3118,3471,361
3118,3803,286
3119,3304,373
3119,3800,391
3119,3803,180
3122,3495,378
3122,3496,336
3122,3758,384
3122,3798,337
3122,3799,281
3123,3662,183
3123,3663,204
3123,3672,219
3123,3674,268
3124,3125,20
3124,3126,90
3124,3148,267
3124,3149,295
3124,3774,93
3124,3778,391
3125,3126,97
3125,3148,274
3125,3149,302
3125,3717,394
3125,3774,100
3125,3778,375
3126,3148,196
3126,3149,216
3126,3774,22
3126,3778,393
3127,3196,109
3127,3197,280
3127,3198,285
3127,3201,343
3127,3203,348
3127,3828,370
3127,3843,185
3127,3929,139
3130,3388,237
3130,3389,305
3130,4960,276
3130,4961,295
3131,3350,353
3131,3731,223
3133,3135,337
3133,3136,313
3133,3137,303
3133,3138,127
3133,3142,308
3134,3139,133
3135,3137,66
3135,3138,230
3135,3257,345
3135,3260,387
3136,3142,85
3136,5530,371
3137,3138,196
3137,3257,394
3140,3141,102
3140,5379,369
3140,5531,366
3141,5379,279
3141,5530,319
3141,5531,277
3142,5530,355
3143,3154,17
3143,3155,235
3143,3163,218
3144,3145,74
3144,3146,108
3144,3147,99
3144,3156,376
3144,3158,257
3144,3159,237
3145,3146,142
3145,3147,133
3145,3150,364
3145,3156,326
3145,3158,203
3145,3159,183
3146,3147,12
3146,3158,341
3146,3159,321
3147,3158,332
3147,3159,312
3148,3149,96
3148,3151,276
3148,3773,367
3148,3774,190
3149,3151,261
3149,3773,356
3149,3774,226
3150,3156,51
3150,3158,177
3150,3159,197
3150,3265,230
3150,3923,260
3151,3152,350
3151,3639,357
3151,3640,346
3151,3734,296
3151,3735,318
3151,3773,104
3152,3153,118
3152,3547,341
3152,3548,153
3152,3551,294
3152,3734,267
3152,3735,231
3152,3773,361
3152,4038,399
3153,3547,335
3153,3548,147
3153,3551,288
3153,3734,204
3153,3735,169
3154,3155,243
3154,3163,226
3155,3163,30
3155,3489,334
3155,3490,356
3155,4038,239
3155,4039,255
3156,3158,138
3156,3159,158
3156,3265,266
3156,3923,288
3157,3160,325
3157,3161,344
3157,3162,8
3158,3159,35
3158,3265,399
3160,3161,27
3160,3162,320
3161,3162,340
3163,3489,353
3163,3490,375
3163,4038,258
3163,4039,274
3164,3259,237
3164,3264,156
3164,3482,61
3165,3166,397
3165,3167,345
3165,3168,140
3166,3167,95
3166,3168,372
3167,3168,311
3168,3915,396
3169,3171,359
3169,3475,70
3170,3171,94
3171,3475,380
3172,3177,29
3172,3276,292
3172,3466,257
3173,3174,71
3175,3176,225
3177,3276,275
3177,3466,239
3178,3179,249
3178,3181,361
3178,3182,229
3178,3736,303
3178,4159,331
3179,3180,325
3179,3183,229
3179,3736,64
3180,3183,124
3180,3510,204
3180,3736,279
3180,4861,368
3180,4862,103
3180,4863,180
3180,5426,380
3181,3182,140
3181,4159,191
3182,4159,193
3183,3510,311
3183,3736,183
3183,4862,210
3183,4863,287
3184,3185,22
3186,3188,277
3186,3370,250
3186,4054,381
3186,4055,396
3187,3188,251
3187,3275,208
3188,3270,351
3188,3275,216
3190,3191,333
3190,3193,313
3190,3195,39
3191,3192,392
3191,3193,30
3191,3194,350
3191,3195,364
3192,3194,54
3192,3239,336
3192,3241,334
3193,3194,367
3193,3195,344
3194,3239,379
3194,3241,376
3196,3197,355
3196,3198,359
3196,3201,305
3196,3203,309
3196,3253,364
3196,3828,368
3196,3843,183
3196,3929,138
3196,3930,399
3197,3198,22
3197,3620,389
3197,3621,389
3197,3929,385
3198,3620,393
3198,3621,394
3198,3929,390
3199,3200,79
3199,3724,327
3199,3725,319
3200,3724,256
3200,3725,248
3201,3202,377
3201,3203,38
3201,3204,298
3201,3929,372
3202,3203,381
3202,3204,113
3202,3724,248
3202,3725,239
3203,3204,302
3203,3929,377
3204,3724,350
3204,3725,342
3205,3206,163
3205,3207,63
3205,3505,294
3205,3506,246
3205,3591,163
3205,3619,334
3206,3207,218
3206,3505,153
3206,3506,105
3206,3591,22
3207,3377,345
3207,3505,349
3207,3506,301
3207,3591,217
3207,3619,278
3210,3212,209
3210,3213,34
3210,3215,254
3211,3212,248
3211,3214,42
3211,3215,189
3211,3507,213
3211,3508,188
3211,4067,243
3212,3213,218
3212,3214,223
3212,3215,68
3213,3215,272
3214,3215,164
3214,3507,252
3214,3508,228
3214,4067,282
3215,3507,394
3215,3508,370
3218,3220,243
3218,3221,304
3218,3223,337
3218,3224,309
3218,3225,21
3219,3222,26
3219,3223,364
3219,3224,376
3219,3351,398
3219,3359,147
3219,3360,174
3219,3454,380
3219,3495,258
3219,3496,290
3219,3758,252
3219,3798,328
3219,3880,248
3219,3882,248
3219,3935,134
3219,4864,164
3219,5514,331
3220,3221,123
3220,3225,245
3220,4845,329
3220,4846,298
3221,3225,306
3221,4845,263
3221,4846,226
3222,3223,380
3222,3224,392
3222,3359,162
3222,3360,190
3222,3454,396
3222,3495,274
3222,3496,305
3222,3758,268
3222,3798,343
3222,3880,264
3222,3882,264
3222,3935,149
3222,4864,180
3222,5514,347
3223,3224,63
3223,3225,339
3223,3936,369
3223,4166,266
3223,4864,396
3224,3225,311
3224,3936,331
3224,4166,229
3234,3236,306
3234,3722,244
3235,3236,388
3235,3338,236
3239,3240,290
3239,3241,14
3240,3241,298
3242,3983,44
3243,3245,35
3244,3984,53
3246,3250,91
3247,3256,68
3248,3249,55
3251,3252,239
3252,3368,374
3253,3832,234
3253,3839,190
3253,3932,359
3254,3255,49
3257,3260,60
3258,3263,112
3259,3264,191
3259,3482,221
3260,3261,364
3261,3262,60
3262,3263,356
3263,3977,392
3264,3482,153
3265,3923,130
3266,3272,110
3267,3269,169
3267,3392,237
3267,3395,252
3267,3925,272
3267,4167,178
3267,4168,162
3268,3269,386
3268,3925,206
3268,4131,394
3269,3392,256
3269,3395,269
3269,3925,192
3269,4167,268
3269,4168,257
3270,3271,73
3270,3761,319
3271,3761,382
3272,3923,398
3273,3274,210
3273,4167,370
3273,4168,377
3276,3466,44
3276,5428,376
3276,5429,377
3277,3281,99
3277,3514,307
3277,3515,304
3277,3516,149
3277,3517,86
3277,5425,359
3278,3279,215
3278,3280,37
3278,3282,212
3278,4853,205
3279,3280,249
3279,3282,7
3280,3282,246
3280,4853,202
3281,3514,296
3281,3515,296
3281,3516,154
3281,3517,91
3281,5425,364
3283,3284,364
3283,3403,289
3283,5377,100
3284,3634,303
3284,4101,141
3284,4102,328
3284,5377,310
3286,3287,70
3286,3288,179
3286,3291,322
3286,3292,319
3287,3288,221
3287,3291,261
3287,3292,258
3290,3614,289
3290,3615,393
3290,3750,178
3290,3755,124
3290,3756,214
3290,3759,185
3290,3898,355
3290,3902,295
3290,4022,263
3290,4023,300
3290,4027,322
3291,3292,51
3294,3598,99
3294,3936,309
3294,3937,150
3294,3938,46
3294,3939,363
3294,3991,269
3296,3319,389
3296,3320,392
3296,3330,205
3296,3337,123
3296,3431,388
3296,3433,302
3296,3504,68
3296,4082,300
3296,4851,242
3297,3299,272
3297,3709,343
3297,4148,343
3297,4149,317
3299,4148,347
3299,4149,320
3302,3304,315
3302,3306,133
3302,3381,339
3302,3384,351
3304,3467,382
3306,3381,322
3306,3384,333
3307,3309,255
3307,3310,15
3307,3312,336
3307,3318,282
3307,3557,308
3307,3819,162
3307,3824,270
3308,3309,320
3308,3315,238
3308,3316,272
3308,3317,60
3308,3318,277
3308,3562,207
3309,3310,251
3309,3317,365
3309,3318,56
3309,3562,356
3309,3819,387
3309,3824,339
3310,3312,332
3310,3318,278
3310,3557,304
3310,3819,157
3310,3824,266
3312,5506,202
3313,3813,231
3313,4063,360
3313,5506,359
3315,3316,54
3315,3317,206
3316,3317,240
3317,3318,322
3317,3562,252
3318,3562,313
3318,3824,366
3319,3320,31
3319,3322,349
3319,3325,328
3319,3327,351
3319,3412,133
3319,3504,330
3319,4057,365
3319,4116,152
3319,4851,208
3320,3322,352
3320,3325,331
3320,3327,354
3320,3412,157
3320,3504,333
3320,4057,389
3320,4116,177
3320,4851,210
3321,3324,106
3321,3751,193
3321,3752,224
3322,3326,242
3322,3412,354
3322,3433,329
3322,3504,397
3322,3783,354
3322,3784,314
3322,4116,374
3322,4851,330
3323,3328,127
3323,3331,126
3323,3332,62
3323,3333,391
3323,3355,306
3323,3493,145
3323,3494,99
3323,3790,358
3323,3827,168
3323,3922,377
3323,4058,119
3323,4830,204
3323,4856,134
3323,5560,170
3324,3751,294
3324,3752,324
3325,3327,50
3325,3921,226
3325,3922,258
3326,3783,333
3326,3784,298
3327,3921,198
3327,3922,229
3328,3331,120
3328,3332,166
3328,3333,291
3328,3334,348
3328,3493,242
3328,3494,163
3328,3827,273
3328,3921,308
3328,3922,266
3328,4058,145
3328,4830,135
3328,4856,192
3328,5560,257
3330,3335,256
3330,3336,275
3330,3337,99
3330,3504,228
3330,4082,244
3331,3332,102
3331,3333,281
3331,3334,338
3331,3355,361
3331,3493,220
3331,3494,167
3331,3827,223
3331,3922,369
3331,4058,149
3331,4830,94
3331,4856,196
3331,5560,165
3332,3333,365
3332,3355,268
3332,3493,137
3332,3494,90
3332,3790,335
3332,3827,130
3332,4058,134
3332,4830,165
3332,4856,125
3332,5560,126
3333,3334,100
3333,3335,302
3333,3336,315
3333,3921,328
3333,3922,313
3333,4830,210
3333,5560,381
3334,3335,267
3334,3336,264
3334,3921,295
3334,3922,281
3334,4830,254
3335,3336,67
3335,3337,330
3335,4082,381
3336,3337,337
3336,4082,368
3337,3433,387
3337,3504,152
3337,4082,274
3337,4851,327
3339,3340,93
3339,3911,321
3339,4015,230
3339,4016,242
3340,3911,290
3340,4015,272
3340,4016,300
3341,3347,315
3341,3348,361
3341,3349,188
3341,4015,342
3341,4016,316
3341,4129,346
3341,4163,170
3343,3344,157
3343,3345,290
3343,3461,183
3343,3690,338
3343,3695,375
3343,3866,255
3343,3885,295
3343,5415,72
3343,5507,168
3343,5508,217
3343,5513,272
3343,5528,199
3344,3345,228
3344,3461,212
3344,3690,273
3344,3695,310
3344,3866,193
3344,3885,312
3344,5415,137
3344,5507,197
3344,5508,246
3344,5513,301
3344,5528,244
3345,3347,302
3345,3348,267
3345,3690,398
3345,3695,330
3345,3866,113
3345,5415,336
3347,3348,131
3347,3349,368
3347,3866,337
3347,4129,306
3347,4130,369
3347,4163,281
3348,3866,281
3348,4129,329
3348,4130,282
3348,4163,304
3349,4015,255
3349,4016,226
3349,4129,389
3349,4163,213
3350,3731,141
3350,5384,343
3351,3359,397
3351,3360,272
3351,3361,59
3351,3879,299
3351,3880,308
3351,3935,305
3352,3357,78
3352,3358,337
3352,3688,372
3352,3690,377
3352,3695,396
3352,3697,260
3352,3703,272
3352,3704,270
3352,3707,282
3352,3772,302
3352,5522,319
3353,3354,170
3353,3355,364
3353,3356,314
3353,3449,371
3353,3877,267
3353,3878,245
3353,3928,390
3353,3951,390
3353,4017,336
3354,3878,297
3354,3879,339
3354,3940,375
3354,4017,218
3355,3356,285
3355,3449,257
3355,3493,245
3355,3494,292
3355,3790,331
3355,3827,219
3355,3877,280
3355,4058,369
3355,4856,285
3355,5560,295
3356,3449,300
3356,3877,229
3357,3358,337
3357,3688,371
3357,3697,266
3357,3703,272
3357,3704,270
3357,3707,254
3357,3772,302
3357,5522,293
3358,3359,397
3358,3451,199
3358,3454,208
3358,3495,212
3358,3496,216
3358,3703,247
3358,3704,229
3358,3707,252
3358,3758,256
3358,3772,261
3358,3798,199
3358,3882,338
3358,4864,361
3358,5473,379
3358,5514,318
3358,5522,111
3359,3360,163
3359,3361,372
3359,3451,391
3359,3454,349
3359,3495,228
3359,3496,217
3359,3758,177
3359,3798,259
3359,3880,208
3359,3882,170
3359,3935,138
3359,4864,198
3359,5514,312
3360,3361,280
3360,3495,308
3360,3496,332
3360,3758,292
3360,3798,374
3360,3880,128
3360,3882,265
3360,3935,82
3360,4864,225
3360,5514,392
3361,3879,274
3361,3880,284
3361,3935,322
3362,3363,34
3362,3364,263
3362,3365,324
3362,3372,377
3362,3374,383
3362,3673,264
3362,3675,385
3362,3742,349
3362,3745,180
3362,4044,245
3362,5476,213
3363,3364,275
3363,3365,321
3363,3372,364
3363,3374,371
3363,3673,271
3363,3675,393
3363,3742,359
3363,3745,167
3363,4044,252
3363,5476,226
3364,3365,106
3364,3366,305
3364,5476,252
3365,3366,271
3365,5476,314
3367,3368,101
3371,3372,188
3371,3373,89
3371,3374,178
3371,3745,373
3371,3823,379
3371,4044,314
3371,4124,211
3372,3373,202
3372,3374,34
3372,3670,295
3372,3671,285
3372,3673,245
3372,3675,293
3372,3745,207
3372,4044,147
3372,4124,342
3373,3374,201
3373,3745,389
3373,3764,353
3373,3823,319
3373,4044,329
3373,4124,177
3374,3670,282
3374,3671,272
3374,3673,245
3374,3675,286
3374,3745,212
3374,4044,152
3374,4124,332
3375,3376,114
3375,5442,300
3375,5443,294
3376,5442,388
3376,5443,383
3377,3619,72
3379,3444,294
3379,3658,359
3379,3787,335
3379,3789,388
3379,4056,222
3379,5446,391
3381,3384,28
3382,3383,21
3382,3385,250
3382,3511,191
3382,3518,189
3382,3865,233
3383,3385,255
3383,3511,180
3383,3518,177
3383,3865,243
3385,3865,48
3387,3388,387
3387,3389,296
3387,3390,10
3388,3389,147
3388,3390,388
3389,3390,298
3392,3395,120
3392,3825,399
3392,3925,360
3392,4167,248
3392,4168,242
3393,3396,29
3393,3530,243
3393,3531,292
3393,3532,308
3393,3534,304
3393,4131,222
3393,4132,229
3394,3812,104
3394,3820,112
3394,3825,83
3394,3841,363
3394,3842,373
3394,3925,400
3394,4131,353
3394,4132,337
3395,3925,373
3395,4167,253
3395,4168,247
3396,3530,232
3396,3531,281
3396,3532,297
3396,3534,292
3396,4131,237
3396,4132,245
3397,3399,50
3397,3401,398
3398,3400,270
3398,3401,315
3398,3402,64
3398,4000,253
3400,3401,49
3400,3402,208
3401,3402,255
3402,4000,216
3403,3575,379
3403,3635,273
3403,3854,354
3403,4050,283
3403,5377,376
3405,3406,26
3405,4068,216
3405,5579,283
3405,5580,105
3406,4068,232
3406,5579,271
3406,5580,93
3407,3408,31
3410,3463,374
3410,3464,380
3410,3653,110
3410,3654,116
3410,3655,359
3410,3656,258
3410,3711,362
3412,3504,365
3412,4057,270
3412,4116,26
3412,4133,362
3412,4851,232
3414,3415,94
3414,3535,388
3414,3762,250
3414,3763,163
3414,3764,263
3414,3823,246
3415,3762,229
3415,3763,126
3415,3764,296
3415,3823,261
3416,3417,314
3416,3419,162
3416,3762,321
3416,3996,317
3416,5372,150
3417,3418,167
3417,3801,134
3417,5372,176
3418,3801,216
3418,5372,318
3419,5372,266
3422,3810,296
3422,3818,258
3422,3997,24
3423,3606,43
3423,3868,213
3423,3869,218
3424,3953,46
3424,5510,360
3424,5519,104
3431,3432,275
3431,3433,111
3431,3434,343
3432,3433,366
3432,3434,81
3432,3783,330
3432,3784,348
3433,3504,315
3433,3949,373
3433,4851,336
3434,3783,286
3434,3784,304
3437,3631,149
3437,3632,134
3437,5452,220
3440,3849,359
3441,3442,76
3441,3541,270
3441,3649,181
3441,3655,385
3441,3747,295
3441,3754,313
3441,3788,211
3441,4806,238
3441,4807,383
3442,3541,210
3442,3649,208
3442,3747,235
3442,3754,377
3442,3788,151
3442,4806,302
3444,3657,354
3444,3658,322
3444,3660,176
3444,3846,371
3444,3847,187
3444,3916,172
3446,3448,173
3446,3916,392
3446,5512,257
3448,3657,364
3448,3846,381
3448,3916,239
3449,3493,363
3449,3787,372
3449,3789,346
3449,3790,141
3449,3827,394
3449,3877,169
3449,3928,353
3449,3951,215
3449,5446,333
3451,3454,66
3451,3495,172
3451,3496,248
3451,3704,394
3451,3707,251
3451,3758,269
3451,3798,231
3451,3882,351
3451,4864,309
3451,5473,226
3451,5514,177
3451,5522,228
3452,3453,128
3452,3501,248
3452,3673,391
3452,3675,387
3452,3698,248
3452,3742,368
3452,5473,340
3453,3501,257
3453,3698,257
3453,3742,394
3453,5473,237
3454,3495,130
3454,3496,196
3454,3707,288
3454,3758,221
3454,3798,178
3454,3882,303
3454,4864,272
3454,5473,263
3454,5514,149
3454,5522,237
3461,3486,376
3461,3690,361
3461,3866,382
3461,3885,246
3461,5415,143
3461,5507,97
3461,5508,114
3461,5513,164
3461,5526,329
3461,5528,127
3463,3464,30
3463,3653,305
3463,3654,311
3463,3746,230
3463,3748,223
3463,4161,363
3464,3653,311
3464,3654,318
3464,3746,219
3464,3748,219
3464,4161,359
3466,5428,341
3466,5429,342
3467,3471,50
3468,3469,14
3468,3471,399
3468,3859,126
3469,3471,395
3469,3859,122
3473,4004,287
3474,3791,392
3474,3792,395
3477,3480,351
3478,3479,76
3478,3919,102
3478,3920,164
3478,5413,110
3478,5414,111
3478,5557,159
3479,3792,398
3479,3919,48
3479,3920,231
3479,5413,89
3479,5414,90
3479,5557,227
3481,3982,90
3486,3744,133
3486,5507,400
3486,5508,291
3486,5510,179
3486,5513,259
3486,5526,197
3486,5528,293
3488,3746,364
3488,3748,394
3488,4099,339
3489,3490,33
3489,3547,298
3489,3549,188
3489,3550,202
3489,3551,340
3489,3553,380
3489,3950,381
3490,3547,277
3490,3549,210
3490,3550,224
3490,3551,319
3493,3494,102
3493,3790,252
3493,3827,138
3493,4058,181
3493,4830,293
3493,4856,65
3493,5560,203
3494,3790,318
3494,3827,185
3494,4058,106
3494,4830,240
3494,4856,90
3494,5560,199
3495,3496,102
3495,3758,105
3495,3798,95
3495,3880,373
3495,3882,187
3495,3935,279
3495,4864,159
3495,5473,382
3495,5514,123
3495,5522,241
3496,3758,65
3496,3772,394
3496,3798,62
3496,3880,333
3496,3882,146
3496,3935,307
3496,4864,191
3496,5514,199
3496,5522,271
3497,3700,239
3497,3799,348
3497,4150,279
3497,4151,270
3497,5499,79
3497,5512,391
3498,3499,131
3498,3500,76
3498,3848,392
3498,4049,161
3498,5540,71
3499,3500,70
3499,3645,393
3499,3848,360
3499,4049,121
3499,5540,104
3500,3848,384
3500,4049,144
3500,5540,50
3501,3673,324
3501,3675,308
3501,3688,323
3501,3697,392
3501,3698,42
3501,4095,366
3504,4082,331
3504,4116,385
3504,4851,187
3505,3506,59
3505,3538,376
3505,3539,375
3505,3591,153
3506,3538,374
3506,3539,373
3506,3591,105
3507,3508,33
3507,4067,43
3507,4068,344
3508,4067,63
3508,4068,363
3509,3567,394
3509,3568,38
3509,5492,178
3509,5493,200
3510,4861,256
3510,4862,114
3510,4863,84
3510,5425,219
3510,5426,193
3511,3512,400
3511,3518,61
3512,3513,87
3512,3514,289
3512,3515,289
3512,3861,381
3512,3862,368
3512,3863,87
3512,3864,113
3513,3514,304
3513,3515,289
3513,3863,157
3513,3864,183
3514,3515,46
3514,3516,353
3514,3517,282
3514,3863,371
3514,3864,397
3514,4813,368
3514,4865,383
3515,3516,347
3515,3517,269
3515,3863,363
3515,3864,389
3515,4813,372
3515,4865,386
3516,3517,111
3516,5425,221
3516,5426,264
3517,5425,295
3517,5426,325
3520,3522,375
3520,3536,313
3521,3522,68
3521,3523,309
3521,3536,279
3521,3537,390
3522,3523,345
3522,3536,224
3523,3524,337
3523,3525,330
3523,3537,149
3524,3525,47
3524,3526,285
3524,3527,295
3524,3537,227
3525,3526,303
3525,3527,310
3525,3537,206
3526,3527,67
3526,3528,390
3526,3529,341
3527,3528,393
3527,3529,344
3528,3529,173
3528,3974,374
3528,3975,273
3529,3975,336
3530,3531,203
3530,3532,86
3530,3534,198
3530,3974,293
3531,3532,226
3531,3534,113
3532,3534,196
3532,3974,270
3532,3975,370
3533,3535,24
3533,3764,274
3533,3823,282
3535,3764,261
3535,3823,269
3538,3539,20
3538,4845,306
3538,4846,280
3539,4845,305
3539,4846,279
3541,3649,372
3541,3747,76
3541,3788,177
3547,3548,241
3547,3551,61
3548,3551,195
3548,3734,336
3548,3735,290
3549,3550,30
3549,3553,208
3549,3950,209
3550,3553,222
3550,3950,223
3552,3553,285
3552,3583,263
3553,3950,378
3557,3819,162
3557,3824,208
3563,3564,222
3563,3633,189
3564,3775,381
3566,3582,30
3567,3568,368
3567,3569,35
3567,4009,322
3567,4010,321
3568,3569,375
3568,5492,207
3568,5493,229
3569,4009,329
3569,4010,327
3570,3571,311
3570,3572,339
3570,3573,267
3571,3572,377
3571,3573,63
3571,3584,311
3571,3585,300
3572,3573,328
3573,3584,286
3573,3585,275
3574,3576,69
3574,3577,289
3574,3578,316
3575,3579,73
3575,3635,257
3575,3854,45
3576,3577,259
3576,3578,285
3577,3578,57
3579,3635,320
3579,3854,108
3580,3581,33
3580,4009,234
3580,4010,233
3581,4009,252
3581,4010,251
3584,3585,29
3593,3594,316
3593,3595,49
3593,5442,260
3593,5443,255
3593,5497,195
3594,3595,307
3595,5442,251
3595,5443,245
3595,5497,186
3596,3623,286
3596,3627,96
3596,4035,220
3596,4122,232
3596,4123,251
3598,3936,369
3598,3937,57
3598,3938,106
3598,3939,270
3598,3991,176
3598,4166,378
3600,3604,395
3600,3605,164
3601,3602,228
3601,3603,231
3601,3604,34
3601,3605,263
3602,3603,9
3602,3604,251
3602,4020,362
3602,4021,369
3603,3604,254
3603,4020,364
3603,4021,372
3604,3605,243
3606,3868,231
3606,3869,236
3607,3608,76
3607,3609,176
3607,3610,206
3608,3609,235
3608,3610,266
3609,3610,71
3609,4020,272
3609,4021,280
3610,4020,212
3610,4021,219
3611,3612,390
3611,3613,307
3611,3616,43
3612,3613,294
3612,3614,319
3612,3615,177
3612,4025,356
3612,4027,312
3613,3616,336
3614,3615,165
3614,3750,386
3614,3755,200
3614,3759,393
3614,4022,283
3614,4025,269
3614,4027,94
3615,3755,304
3615,4022,347
3615,4025,299
3615,4027,159
3620,3621,11
3622,3623,199
3622,3624,196
3622,3625,257
3622,3626,62
3622,4035,265
3623,3624,392
3623,3626,213
3623,3627,299
3623,4035,80
3624,3625,85
3624,3626,207
3625,3626,273
3625,3995,353
3626,4035,256
3627,4035,233
3627,4122,214
3627,4123,233
3628,3830,314
3628,3831,321
3628,4032,56
3629,3630,132
3629,3631,303
3629,3632,363
3629,3800,176
3630,3631,294
3630,3632,353
3630,3800,200
3631,3632,97
3631,5452,161
3632,5452,168
3633,4117,269
3635,3854,232
3639,3640,22
3639,3773,263
3640,3773,251
3641,3642,17
3641,3965,200
3641,3966,206
3641,4115,316
3642,3965,213
3642,3966,219
3642,4115,329
3645,3646,101
3649,3651,245
3649,3747,384
3649,3788,214
3649,4806,376
3649,4807,226
3651,3785,397
3651,3786,343
3651,4806,348
3651,4807,91
3653,3654,42
3653,3656,317
3654,3656,323
3655,3656,144
3655,3754,93
3655,4806,220
3656,3754,213
3656,4806,353
3657,3659,323
3657,3660,245
3657,3845,334
3657,3846,35
3657,3847,256
3657,3916,193
3658,3660,284
3658,3847,295
3658,3848,145
3658,4049,326
3659,3794,252
3659,3844,352
3659,3845,30
3659,3846,309
3659,4134,286
3660,3846,246
3660,3847,28
3660,3916,202
3661,3666,325
3661,3667,333
3661,3668,203
3661,3669,273
3662,3663,32
3662,3664,387
3662,3665,359
3662,3672,281
3662,3674,296
3663,3665,380
3663,3672,302
3663,3674,317
3664,3665,115
3664,3749,357
3665,3749,365
3666,3668,400
3666,3749,118
3667,3668,394
3667,3669,106
3667,3750,390
3668,3669,334
3670,3671,114
3670,3672,399
3670,3673,283
3670,3675,296
3670,3745,270
3670,4044,210
3670,4094,262
3671,3673,247
3671,3675,252
3671,3745,259
3671,4044,200
3671,4094,196
3672,3674,80
3673,3675,172
3673,3698,299
3673,3745,188
3673,4044,102
3675,3698,283
3675,3745,244
3675,4044,157
3675,4094,344
3678,3679,334
3678,3728,232
3679,3682,221
3679,3683,222
3680,3684,118
3680,3685,125
3680,5427,32
3682,3683,10
3682,3686,339
3682,3687,340
3683,3686,341
3683,3687,342
3684,3685,26
3684,5427,89
3685,5427,96
3686,3687,11
3688,3697,127
3688,3698,348
3688,4095,216
3690,3695,164
3690,3697,360
3690,3866,373
3690,3885,130
3690,5415,362
3690,5507,266
3695,3697,378
3695,3866,310
3695,3885,233
3695,5507,356
3697,4095,295
3698,4044,378
3698,4095,390
3700,3701,317
3700,3702,302
3700,3799,268
3700,5499,239
3701,3702,152
3701,3703,281
3701,3704,241
3701,3772,285
3702,3703,357
3702,3704,337
3702,3772,381
3702,3885,378
3703,3704,45
3703,3707,194
3703,3772,77
3703,5473,396
3703,5522,229
3704,3707,191
3704,3772,46
3704,3798,394
3704,5473,394
3704,5522,214
3707,3772,223
3707,5473,218
3707,5522,205
3709,4133,393
3711,4099,190
3713,3714,177
3713,3715,396
3713,3716,396
3713,3861,191
3713,3862,178
3714,3715,379
3714,3716,379
3714,3861,183
3714,3862,170
3715,3716,14
3715,3862,389
3715,5399,84
3715,5498,316
3716,3862,389
3716,5399,84
3716,5498,316
3717,3777,252
3717,3778,31
3718,3720,355
3718,4029,387
3718,4143,391
3720,3912,233
3720,5384,305
3721,4093,337
3724,3725,42
3729,5552,117
3734,3735,57
3734,3773,253
3735,3773,281
3736,4862,365
3740,3742,255
3742,5476,201
3744,5508,339
3744,5510,106
3744,5513,292
3744,5519,357
3744,5526,125
3744,5528,345
3745,4044,92
3745,5476,373
3746,3748,64
3746,3795,375
3746,3796,369
3746,4161,180
3747,3788,187
3748,3795,349
3748,3796,343
3748,4161,154
3750,3755,222
3750,3756,305
3750,3759,276
3750,3902,386
3751,3752,38
3754,4806,148
3754,4807,368
3755,3756,258
3755,3759,229
3755,3898,399
3755,3902,339
3755,4022,368
3755,4027,233
3756,3759,69
3756,3898,151
3756,3902,90
3758,3798,110
3758,3880,280
3758,3882,94
3758,3935,267
3758,4864,153
3758,5514,192
3758,5522,311
3759,3898,210
3759,3902,150
3761,4014,298
3762,3763,135
3762,3995,398
3762,3996,211
3763,3764,390
3763,3823,360
3763,3996,323
3764,3823,102
3764,4124,327
3765,3766,245
3765,4150,285
3765,4151,307
3766,3916,383
3767,3787,371
3767,3876,278
3767,3928,311
3772,3798,381
3772,5522,246
3777,3778,263
3777,4030,278
3777,4031,234
3783,3784,58
3783,3795,295
3783,3796,297
3784,3795,319
3784,3796,321
3785,3786,81
3787,3789,132
3787,3790,359
3787,3928,280
3787,3951,214
3787,4056,265
3787,5446,110
3789,3790,333
3789,3876,387
3789,3928,243
3789,3951,178
3789,4056,276
3789,5446,95
3790,3827,315
3790,3877,297
3790,3951,294
3790,4856,300
3790,5446,294
3790,5560,380
3791,3792,152
3791,3919,381
3792,3919,364
3792,5413,386
3792,5414,386
3794,3844,224
3794,3845,263
3794,4134,167
3795,3796,43
3795,4161,265
3796,4161,259
3798,3880,378
3798,3882,192
3798,3935,348
3798,4864,229
3798,5514,203
3798,5522,254
3799,5499,321
3800,3803,248
3801,5372,268
3802,4960,300
3802,4961,280
3804,3894,218
3805,3894,293
3806,3807,379
3806,3809,316
3806,4152,361
3806,4154,387
3807,3809,262
3808,4033,397
3808,4152,115
3808,4154,135
3810,3818,47
3810,3997,305
3811,3821,35
3811,3841,225
3811,3842,217
3811,4122,297
3811,4123,295
3812,3820,13
3812,3825,110
3812,3841,270
3812,3842,280
3813,4063,333
3813,4064,387
3813,4066,390
3814,3815,283
3815,3822,340
3816,3822,312
3818,3997,267
3819,3824,321
3820,3825,119
3820,3841,279
3820,3842,289
3821,3841,219
3821,3842,212
3821,4122,292
3821,4123,289
3823,4124,302
3825,3841,370
3825,3842,380
3825,3925,388
3825,4131,362
3825,4132,353
3827,4058,239
3827,4830,286
3827,4856,178
3827,5560,157
3828,3829,392
3828,3840,317
3828,3843,198
3828,3929,238
3828,3930,72
3828,3931,319
3829,3843,233
3829,3929,272
3829,3932,108
3829,5434,215
3829,5435,271
3830,3831,46
3830,4032,294
3831,4032,301
3832,3833,246
3832,3838,306
3832,3839,60
3833,3838,99
3833,3839,294
3834,3837,8
3835,3836,36
3836,5444,394
3836,5445,391
3838,3839,355
3840,3930,260
3840,3931,32
3840,5434,288
3840,5435,195
3841,3842,25
3843,3929,52
3843,3930,228
3843,3932,314
3844,3845,363
3844,4134,99
3845,3846,320
3845,4134,296
3846,3847,257
3846,3916,210
3847,3916,213
3848,4049,255
3848,5540,379
3852,3853,31
3852,4064,247
3852,4065,248
3852,5492,248
3852,5493,228
3853,4064,225
3853,4065,226
3853,5492,269
3853,5493,248
3857,3858,84
3861,3862,23
3861,3863,298
3861,3864,279
3862,3863,285
3862,3864,266
3863,3864,30
3866,5415,301
3866,5507,368
3868,3869,14
3871,3872,109
3873,3874,211
3876,3878,278
3876,3879,353
3876,3928,160
3876,3951,283
3876,5446,387
3877,3878,367
3877,3951,285
3878,3879,251
3878,3928,303
3878,4017,348
3879,4017,390
3880,3882,222
3880,3935,170
3880,4864,299
3882,3935,240
3882,4864,225
3882,5514,274
3882,5522,393
3885,5415,256
3885,5507,152
3885,5508,297
3885,5513,334
3885,5528,297
3888,3889,69
3891,3892,282
3898,3902,116
3899,3901,53
3899,3902,364
3908,3909,289
3908,4022,394
3908,4025,220
3909,3910,337
3910,3911,279
3912,5384,101
3917,3973,82
3917,4102,221
3919,3920,258
3919,5413,116
3919,5414,116
3919,5557,253
3920,5413,266
3920,5414,267
3920,5557,58
3921,3922,73
3921,4830,375
3922,4058,394
3922,4830,333
3928,3951,155
3928,5446,243
3929,3930,268
3929,3932,354
3930,3931,262
3931,5434,290
3931,5435,197
3932,5434,297
3932,5435,352
3935,4166,346
3935,4864,185
3935,5514,352
3936,3937,385
3936,3938,316
3936,4166,172
3937,3938,157
3937,3939,315
3937,3991,174
3937,4166,371
3938,3939,370
3938,3991,276
3939,3940,281
3939,3991,251
3940,3941,368
3940,3946,369
3941,3942,198
3941,3945,205
3941,3946,89
3942,3943,211
3942,3944,259
3942,3945,86
3942,3946,157
3943,3944,52
3943,3945,218
3943,3946,361
3944,3945,266
3945,3946,164
3951,4056,358
3951,5446,178
3953,5510,331
3953,5519,75
3955,4054,260
3955,4055,245
3956,3957,248
3956,3979,323
3956,4007,374
3956,5401,178
3957,3979,182
3957,4007,219
3957,4008,398
3965,3966,16
3965,3967,257
3965,3968,255
3965,4115,198
3966,3967,263
3966,3968,261
3966,4115,204
3967,3968,25
3967,4052,372
3967,4053,359
3968,4052,370
3968,4053,357
3969,3970,20
3973,4102,209
3974,3975,131
3976,3977,60
3978,3980,121
3978,3981,194
3978,4007,400
3978,4008,222
3978,4011,364
3978,4047,299
3978,4096,294
3979,3981,315
3979,4007,92
3979,4008,258
3980,3981,177
3980,4008,233
3980,4011,372
3980,4047,282
3980,4096,300
3981,4007,244
3981,4008,72
3995,3996,200
4002,4003,152
4004,4005,331
4005,4006,314
4007,4008,192
4009,4010,12
4011,4012,138
4015,4016,109
4016,4163,391
4020,4021,47
4022,4023,375
4022,4025,270
4022,4027,225
4025,4027,263
4028,4029,66
4030,4031,68
4033,4034,143
4038,4039,32
4040,4041,48
4044,4094,356
4047,4096,82
4047,4097,239
4047,4098,221
4049,5540,139
4051,4083,357
4051,5529,108
4052,4053,23
4054,4055,24
4056,5446,191
4057,4116,290
4057,4133,104
4057,4147,218
4058,4830,222
4058,4856,126
4058,5560,243
4063,4064,245
4063,4065,267
4063,4066,66
4064,4065,32
4064,4066,224
4065,4066,245
4067,4068,308
4068,5580,311
4069,4070,69
4069,4071,234
4070,4071,183
4081,4090,389
4082,4083,324
4083,5529,308
4084,4085,38
4091,4092,302
4092,4982,261
4093,4153,171
4096,4097,212
4096,4098,241
4097,4098,86
4101,4102,252
4113,4114,20
4116,4133,382
4116,4851,251
4117,4118,175
4118,4119,288
4119,4143,225
4122,4123,84
4125,4126,127
4129,4130,160
4129,4163,209
4130,4163,335
4131,4132,213
4133,4147,160
4148,4149,74
4150,4151,166
4150,5499,285
4151,5499,291
4152,4154,172
4153,4982,285
4155,4156,267
4155,4848,115
4155,4859,135
4155,5428,383
4155,5429,385
4156,4157,310
4156,4848,369
4156,4859,390
4167,4168,29
4806,4807,276
4813,4865,30
4813,4962,399
4813,4963,366
4830,4856,269
4830,5560,183
4845,4846,45
4848,4859,33
4848,4861,312
4848,5428,328
4848,5429,329
4856,5560,234
4859,4861,332
4859,5428,349
4859,5429,350
4861,4862,278
4861,4863,197
4862,4863,90
4862,5425,326
4862,5426,290
4863,5425,299
4863,5426,268
4864,5514,215
4864,5522,391
4865,4963,381
4960,4961,48
4962,4963,92
5379,5531,396
5399,5498,377
5413,5414,8
5413,5557,261
5414,5557,262
5415,5507,128
5415,5508,177
5415,5513,232
5415,5526,369
5415,5528,159
5425,5426,56
5428,5429,6
5434,5435,115
5442,5443,20
5442,5497,396
5443,5497,391
5444,5445,18
5447,5448,91
5473,5514,395
5473,5522,321
5492,5493,32
5497,5498,379
5507,5508,147
5507,5513,203
5507,5526,357
5507,5528,147
5508,5513,79
5508,5526,244
5508,5528,161
5510,5513,376
5510,5519,275
5510,5526,209
5513,5526,195
5513,5528,216
5514,5522,347
5526,5528,250
5530,5531,267
5579,5580,221
